created_at,entry_id,field1,field2,field3,field4,field5,field6,field7,field8,latitude,longitude,elevation,status
2025-06-15T09:19:16+00:00,1,3.71954,2.57338,2.84664,51204.02734,13766.22559,0.95978,0.10619,0.89381,,,,
2025-06-15T09:20:06+00:00,2,3.88536,2.27139,2.57338,53486.79297,13766.22559,0.93037,0.13296,0.86704,,,,
2025-06-15T09:20:55+00:00,3,3.82282,2.37936,2.27139,52625.86328,13766.22559,0.94125,0.04538,0.95462,,,,
2025-06-15T09:21:45+00:00,4,3.94459,2.17514,2.37936,54302.09766,13766.22559,0.92029,0.09389,0.90611,,,,
2025-06-15T09:22:34+00:00,5,4.02232,2.05700,2.17514,55372.10938,13766.22559,0.90740,0.05744,0.94256,,,,
2025-06-15T09:23:24+00:00,6,4.07956,1.97546,2.05700,56160.16406,13766.22559,0.89813,0.04127,0.95873,,,,
2025-06-15T09:24:13+00:00,7,4.17938,1.84341,1.97546,57534.25000,13766.22559,0.88242,0.07163,0.92837,,,,
2025-06-15T09:25:03+00:00,8,4.25326,1.75324,1.84342,58551.34375,13766.22559,0.87114,0.05143,0.94857,,,,
2025-06-15T09:25:52+00:00,9,4.31540,1.68196,1.75324,59406.73828,13766.22559,0.86187,0.04238,0.95762,,,,
2025-06-15T09:26:42+00:00,10,4.36774,1.62491,1.68196,60127.35547,13766.22559,0.85421,0.03511,0.96489,,,,
2025-06-15T09:27:32+00:00,11,4.39567,1.59553,1.62491,60511.85156,13766.22559,0.85018,0.01841,0.98159,,,,
2025-06-15T09:28:21+00:00,12,4.45234,1.53810,1.59553,61291.87109,13766.22559,0.84212,0.03734,0.96266,,,,
2025-06-15T09:29:11+00:00,13,4.48108,1.51004,1.53810,61687.50000,13766.22559,0.83810,0.01859,0.98141,,,,
2025-06-15T09:30:41+00:00,14,3.63305,2.75262,2.82044,63849.53125,17574.62109,0.81674,0.02464,0.97536,,,,
2025-06-15T09:31:31+00:00,15,3.64978,2.71666,2.75262,64143.56250,17574.62109,0.81392,0.01324,0.98676,,,,
2025-06-15T09:32:20+00:00,16,3.69090,2.63094,2.71666,64866.20313,17574.62109,0.80707,0.03258,0.96742,,,,
2025-06-15T09:34:00+00:00,17,3.59924,2.82729,2.83268,65601.21094,18226.42969,0.80022,0.00190,0.99810,,,,
2025-06-15T09:34:50+00:00,18,3.65246,2.71097,2.82729,66571.29687,18226.42969,0.79136,0.04291,0.95709,,,,
2025-06-15T09:35:40+00:00,19,3.74725,2.51928,2.71097,68299.06250,18226.42969,0.77604,0.07609,0.92391,,,,
2025-06-15T09:36:29+00:00,20,3.67952,2.65430,2.51929,67064.52344,18226.42969,0.78692,0.05087,0.94913,,,,
2025-06-15T09:37:35+00:00,21,3.65563,2.70424,3.02921,68345.45312,18695.92188,0.77564,0.12017,0.87983,,,,
2025-06-15T09:38:24+00:00,22,3.62113,2.77864,2.70424,67700.35937,18695.92188,0.78128,0.02678,0.97322,,,,
2025-06-15T09:39:14+00:00,23,3.65563,2.70424,2.77864,68345.45312,18695.92188,0.77564,0.02751,0.97249,,,,
2025-06-15T09:40:37+00:00,24,3.63654,2.74508,2.78839,69425.86719,19091.19531,0.76637,0.01578,0.98422,,,,
2025-06-15T09:41:44+00:00,25,3.59969,2.82627,2.78257,68438.37500,19012.29688,0.77484,0.01546,0.98454,,,,
2025-06-15T09:42:34+00:00,26,3.59236,2.84280,2.82627,68299.06250,19012.29688,0.77604,0.00581,0.99419,,,,
2025-06-15T09:43:23+00:00,27,3.57778,2.87610,2.84280,68021.72656,19012.29688,0.77846,0.01158,0.98842,,,,
2025-06-15T09:44:12+00:00,28,3.60459,2.81529,2.87610,68531.50000,19012.29688,0.77403,0.02160,0.97840,,,,
2025-06-15T09:45:02+00:00,29,3.64165,2.73407,2.81529,69236.10156,19012.29688,0.76799,0.02971,0.97029,,,,
2025-06-15T09:45:51+00:00,30,3.59480,2.83728,2.73407,68345.45312,19012.29688,0.77564,0.03638,0.96362,,,,
2025-06-15T09:46:41+00:00,31,3.62181,2.77715,2.83728,68858.92969,19012.29688,0.77121,0.02165,0.97835,,,,
2025-06-15T09:47:30+00:00,32,3.61441,2.79344,2.77715,68718.30469,19012.29688,0.77242,0.00583,0.99417,,,,
2025-06-15T09:48:20+00:00,33,3.64165,2.73407,2.79344,69236.10156,19012.29688,0.76799,0.02172,0.97828,,,,
2025-06-15T09:49:09+00:00,34,3.66920,2.67573,2.73407,69759.89062,19012.29688,0.76355,0.02180,0.97820,,,,
2025-06-15T09:49:59+00:00,35,3.66165,2.69154,2.67573,69616.43750,19012.29688,0.76476,0.00587,0.99413,,,,
2025-06-15T09:51:45+00:00,36,3.59947,2.82678,2.83791,69807.81250,19393.94141,0.76315,0.00394,0.99606,,,,
2025-06-15T09:52:35+00:00,37,3.62182,2.77713,2.82678,70241.37500,19393.94141,0.75952,0.01788,0.98212,,,,
2025-06-15T09:53:24+00:00,38,3.63684,2.74442,2.77713,70532.73437,19393.94141,0.75711,0.01192,0.98808,,,,
2025-06-15T09:54:14+00:00,39,3.62932,2.76073,2.74442,70386.82031,19393.94141,0.75832,0.00591,0.99409,,,,
2025-06-15T09:55:03+00:00,40,3.65196,2.71203,2.76073,70825.95312,19393.94141,0.75469,0.01796,0.98204,,,,
2025-06-15T09:55:53+00:00,41,3.66718,2.67995,2.71203,71121.05469,19393.94141,0.75227,0.01197,0.98803,,,,
2025-06-15T09:56:45+00:00,42,3.66464,2.68527,2.67995,71071.74219,19393.94141,0.75267,0.00198,0.99802,,,,
2025-06-15T09:58:17+00:00,43,3.61949,2.78224,2.81007,71567.27344,19772.73633,0.74864,0.01000,0.99000,,,,
2025-06-15T09:59:06+00:00,44,3.63213,2.75464,2.78224,71817.05469,19772.73633,0.74663,0.01002,0.98998,,,,
2025-06-15T09:59:55+00:00,45,3.63466,2.74914,2.75464,71867.16406,19772.73633,0.74623,0.00200,0.99800,,,,
2025-06-15T10:00:47+00:00,46,3.61949,2.78224,2.74914,71567.27344,19772.73633,0.74864,0.01190,0.98810,,,,
2025-06-15T10:01:37+00:00,47,3.63974,2.73818,2.78224,71967.57812,19772.73633,0.74542,0.01609,0.98391,,,,
2025-06-15T10:02:26+00:00,48,3.65248,2.71093,2.73818,72219.51562,19772.73633,0.74341,0.01005,0.98995,,,,
2025-06-15T10:03:16+00:00,49,3.63974,2.73818,2.71093,71967.57812,19772.73633,0.74542,0.00995,0.99005,,,,
2025-06-15T10:04:05+00:00,50,3.63466,2.74914,2.73818,71867.16406,19772.73633,0.74623,0.00399,0.99601,,,,
2025-06-15T10:04:55+00:00,51,3.65504,2.70550,2.74914,72270.07031,19772.73633,0.74300,0.01613,0.98387,,,,
2025-06-15T10:05:44+00:00,52,3.68593,2.64110,2.70551,72881.00000,19772.73633,0.73817,0.02438,0.97562,,,,
2025-06-15T10:06:34+00:00,53,3.66529,2.68390,2.64110,72472.82031,19772.73633,0.74139,0.01595,0.98405,,,,
2025-06-15T10:07:23+00:00,54,3.67817,2.65708,2.68390,72727.52344,19772.73633,0.73938,0.01009,0.98991,,,,
2025-06-15T10:08:12+00:00,55,3.65760,2.70009,2.65709,72320.67187,19772.73633,0.74260,0.01593,0.98407,,,,
2025-06-15T10:09:02+00:00,56,3.69112,2.63049,2.70009,72983.60937,19772.73633,0.73736,0.02646,0.97354,,,,
2025-06-15T10:09:52+00:00,57,3.70676,2.59886,2.63049,73292.77344,19772.73633,0.73494,0.01217,0.98783,,,,
2025-06-15T10:10:42+00:00,58,3.69893,2.61464,2.59886,73137.92969,19772.73633,0.73615,0.00603,0.99397,,,,
2025-06-15T10:11:31+00:00,59,3.70676,2.59886,2.61464,73292.77344,19772.73633,0.73494,0.00607,0.99393,,,,
2025-06-15T10:12:21+00:00,60,3.69112,2.63049,2.59886,72983.60937,19772.73633,0.73736,0.01202,0.98798,,,,
2025-06-15T10:13:10+00:00,61,3.70676,2.59886,2.63049,73292.77344,19772.73633,0.73494,0.01217,0.98783,,,,
2025-06-15T10:14:00+00:00,62,3.69632,2.61991,2.59886,73086.42187,19772.73633,0.73656,0.00804,0.99196,,,,
2025-06-15T10:14:50+00:00,63,3.67559,2.66243,2.61991,72676.47656,19772.73633,0.73978,0.01597,0.98403,,,,
2025-06-15T10:15:39+00:00,64,3.70676,2.59886,2.66243,73292.77344,19772.73633,0.73494,0.02446,0.97554,,,,
2025-06-15T10:16:29+00:00,65,3.71987,2.57273,2.59886,73551.96094,19772.73633,0.73293,0.01015,0.98985,,,,
2025-06-15T10:17:18+00:00,66,3.71199,2.58838,2.57273,73396.27344,19772.73633,0.73414,0.00605,0.99395,,,,
2025-06-15T10:18:07+00:00,67,3.73834,2.53652,2.58838,73917.21094,19772.73633,0.73011,0.02045,0.97955,,,,
2025-06-15T10:18:57+00:00,68,3.83289,2.36152,2.53652,75786.71094,19772.73633,0.71601,0.07410,0.92590,,,,
2025-06-15T10:19:46+00:00,69,3.89143,2.26127,2.36152,76944.18750,19772.73633,0.70755,0.04434,0.95566,,,,
2025-06-15T10:20:36+00:00,70,3.84117,2.34699,2.26127,75950.39062,19772.73633,0.71480,0.03652,0.96348,,,,
2025-06-15T10:21:25+00:00,71,3.81095,2.40064,2.34699,75352.94531,19772.73633,0.71923,0.02235,0.97765,,,,
2025-06-15T10:22:15+00:00,72,2.93717,5.05862,2.40064,58075.85547,19772.73633,0.87637,0.52544,0.47456,,,,
2025-06-15T10:23:04+00:00,73,2.80902,5.74751,5.05862,55542.05859,19772.73633,0.90538,0.11986,0.88014,,,,
2025-06-15T10:23:54+00:00,74,2.79358,5.83891,5.74751,55236.70703,19772.73633,0.90901,0.01565,0.98435,,,,
2025-06-15T10:24:43+00:00,75,2.80558,5.76771,5.83891,55473.98828,19772.73633,0.90619,0.01234,0.98766,,,,
2025-06-15T10:25:33+00:00,76,2.81075,5.73742,5.76771,55576.13672,19772.73633,0.90498,0.00528,0.99472,,,,
2025-06-15T10:26:22+00:00,77,2.79529,5.82869,5.73743,55270.50781,19772.73633,0.90861,0.01566,0.98434,,,,
2025-06-15T10:27:12+00:00,78,2.83678,5.58799,5.82869,56090.98828,19772.73633,0.89894,0.04308,0.95692,,,,
2025-06-15T10:28:03+00:00,79,2.86850,5.41299,5.58799,56718.02734,19772.73633,0.89168,0.03233,0.96767,,,,
2025-06-15T10:28:56+00:00,80,2.90615,5.21467,5.41299,57462.58594,19772.73633,0.88322,0.03803,0.96197,,,,
2025-06-15T10:30:36+00:00,81,2.99499,4.78409,5.08587,59219.22266,19772.73633,0.86388,0.06308,0.93692,,,,
2025-06-15T10:31:26+00:00,82,2.94454,5.02247,4.78409,58221.55859,19772.73633,0.87476,0.04746,0.95254,,,,
2025-06-15T10:32:18+00:00,83,2.97241,4.88884,5.02247,58772.73047,19772.73633,0.86872,0.02733,0.97267,,,,
2025-06-15T10:33:09+00:00,84,2.94454,5.02247,4.88884,58221.55859,19772.73633,0.87476,0.02661,0.97339,,,,
2025-06-15T10:34:03+00:00,85,2.95008,4.99550,5.02247,58331.18359,19772.73633,0.87355,0.00540,0.99460,,,,
2025-06-15T10:36:03+00:00,86,2.96308,4.93305,4.81010,58588.14844,19772.73633,0.87073,0.02492,0.97508,,,,
2025-06-15T10:36:49+00:00,87,2.95564,4.96866,4.93305,58441.10938,19772.73633,0.87234,0.00717,0.99283,,,,
2025-06-15T10:39:41+00:00,88,2.95750,4.95974,4.91533,58477.82031,19772.73633,0.87194,0.00895,0.99105,,,,
2025-06-15T10:40:37+00:00,89,2.96308,4.93305,4.95974,58588.14844,19772.73633,0.87073,0.00541,0.99459,,,,
2025-06-15T10:41:31+00:00,90,2.97991,4.85372,4.93305,58920.99609,19772.73633,0.86711,0.01635,0.98365,,,,
2025-06-15T10:42:23+00:00,91,2.97803,4.86248,4.85372,58883.88281,19772.73633,0.86751,0.00180,0.99820,,,,
2025-06-15T10:43:14+00:00,92,2.96867,4.90649,4.86248,58698.79297,19772.73633,0.86952,0.00897,0.99103,,,,
2025-06-15T10:44:44+00:00,93,3.59508,2.83665,2.87769,58477.82031,16266.06543,0.87194,0.01447,0.98553,,,,
2025-06-15T10:45:34+00:00,94,3.62690,2.76601,2.83665,58995.35156,16266.06543,0.86630,0.02554,0.97446,,,,
2025-06-15T10:46:26+00:00,95,3.60413,2.81632,2.76602,58624.99609,16266.06543,0.87033,0.01786,0.98214,,,,
2025-06-15T10:47:16+00:00,96,3.61321,2.79611,2.81632,58772.73047,16266.06543,0.86872,0.00723,0.99277,,,,
2025-06-15T10:48:05+00:00,97,3.62690,2.76601,2.79611,58995.35156,16266.06543,0.86630,0.01088,0.98912,,,,
2025-06-15T10:48:56+00:00,98,3.62690,2.76601,2.76602,58995.35156,16266.06543,0.86630,0.00000,1.00000,,,,
2025-06-15T10:49:45+00:00,99,3.64066,2.73619,2.76602,59219.22266,16266.06543,0.86388,0.01090,0.98910,,,,
2025-06-15T10:50:35+00:00,100,3.64066,2.73619,2.73619,59219.22266,16266.06543,0.86388,0.00000,1.00000,,,,
2025-06-15T10:51:24+00:00,101,3.64296,2.73125,2.73619,59256.64844,16266.06543,0.86348,0.00181,0.99819,,,,
2025-06-15T10:52:14+00:00,102,3.64988,2.71646,2.73125,59369.15625,16266.06543,0.86227,0.00544,0.99456,,,,
2025-06-15T10:53:03+00:00,103,3.65913,2.69685,2.71646,59519.66406,16266.06543,0.86066,0.00727,0.99273,,,,
2025-06-15T10:53:53+00:00,104,3.64296,2.73125,2.69685,59256.64844,16266.06543,0.86348,0.01259,0.98741,,,,
2025-06-15T10:54:42+00:00,105,3.67774,2.65798,2.73125,59822.37109,16266.06543,0.85744,0.02757,0.97243,,,,
2025-06-15T10:55:32+00:00,106,3.72013,2.57222,2.65798,60511.85156,16266.06543,0.85018,0.03334,0.96666,,,,
2025-06-15T10:56:21+00:00,107,3.72726,2.55815,2.57222,60627.90625,16266.06543,0.84897,0.00550,0.99450,,,,
2025-06-15T10:57:11+00:00,108,3.67541,2.66281,2.55815,59784.40625,16266.06543,0.85784,0.03930,0.96070,,,,
2025-06-15T10:58:00+00:00,109,3.68944,2.63392,2.66281,60012.71875,16266.06543,0.85542,0.01097,0.98903,,,,
2025-06-15T10:58:52+00:00,110,3.67307,2.66765,2.63392,59746.48047,16266.06543,0.85824,0.01264,0.98736,,,,
2025-06-15T10:59:49+00:00,111,3.66145,2.69196,2.66765,59557.37500,16266.06543,0.86026,0.00903,0.99097,,,,
2025-06-15T11:00:38+00:00,112,3.66842,2.67735,2.69197,59670.73047,16266.06543,0.85905,0.00546,0.99454,,,,
2025-06-15T11:01:28+00:00,113,3.65913,2.69685,2.67736,59519.66406,16266.06543,0.86066,0.00723,0.99277,,,,
2025-06-15T11:02:18+00:00,114,3.69179,2.62913,2.69685,60050.89453,16266.06543,0.85502,0.02576,0.97424,,,,
2025-06-15T11:03:07+00:00,115,3.65681,2.70174,2.62913,59481.98047,16266.06543,0.86106,0.02688,0.97312,,,,
2025-06-15T11:03:58+00:00,116,3.69884,2.61480,2.70174,60165.64453,16266.06543,0.85381,0.03325,0.96675,,,,
2025-06-15T11:04:47+00:00,117,3.66842,2.67735,2.61481,59670.73047,16266.06543,0.85905,0.02336,0.97664,,,,
2025-06-15T11:06:38+00:00,118,3.68008,2.65315,2.63392,59860.36719,16266.06543,0.85703,0.00725,0.99275,,,,
2025-06-15T11:07:35+00:00,119,3.70356,2.60529,2.65315,60242.32031,16266.06543,0.85300,0.01837,0.98163,,,,
2025-06-15T11:08:25+00:00,120,3.72250,2.56752,2.60529,60550.50000,16266.06543,0.84978,0.01471,0.98529,,,,
2025-06-15T11:09:17+00:00,121,3.69414,2.62435,2.56752,60089.10938,16266.06543,0.85462,0.02165,0.97835,,,,
2025-06-15T11:11:06+00:00,122,3.70828,2.59581,2.62913,60319.14453,16266.06543,0.85220,0.01284,0.98716,,,,
2025-06-15T11:12:53+00:00,123,3.70592,2.60054,2.59581,60280.72266,16266.06543,0.85260,0.00182,0.99818,,,,
2025-06-15T11:13:43+00:00,124,3.70356,2.60529,2.60055,60242.32031,16266.06543,0.85300,0.00182,0.99818,,,,
2025-06-15T11:14:38+00:00,125,3.70828,2.59581,2.60529,60319.14453,16266.06543,0.85220,0.00365,0.99635,,,,
2025-06-15T11:16:19+00:00,126,3.70356,2.60529,2.60055,60242.32031,16266.06543,0.85300,0.00182,0.99818,,,,
2025-06-15T11:17:09+00:00,127,3.70828,2.59581,2.60529,60319.14453,16266.06543,0.85220,0.00365,0.99635,,,,
2025-06-15T11:17:59+00:00,128,3.71301,2.58635,2.59581,60396.11719,16266.06543,0.85139,0.00366,0.99634,,,,
2025-06-15T11:18:48+00:00,129,3.72488,2.56283,2.58635,60589.18359,16266.06543,0.84938,0.00918,0.99082,,,,
2025-06-15T11:19:38+00:00,130,3.72013,2.57222,2.56283,60511.85156,16266.06543,0.85018,0.00365,0.99635,,,,
2025-06-15T11:20:28+00:00,131,3.72250,2.56752,2.57222,60550.50000,16266.06543,0.84978,0.00183,0.99817,,,,
2025-06-15T11:21:17+00:00,132,3.72488,2.56283,2.56752,60589.18359,16266.06543,0.84938,0.00183,0.99817,,,,
2025-06-15T11:22:07+00:00,133,3.71538,2.58163,2.56283,60434.65234,16266.06543,0.85099,0.00728,0.99272,,,,
2025-06-15T11:22:57+00:00,134,3.71538,2.58163,2.58163,60434.65234,16266.06543,0.85099,0.00000,1.00000,,,,
2025-06-15T11:23:47+00:00,135,3.74159,2.53021,2.58163,60861.02344,16266.06543,0.84656,0.02032,0.97968,,,,
2025-06-15T11:24:37+00:00,136,3.73920,2.53485,2.53021,60822.07031,16266.06543,0.84696,0.00183,0.99817,,,,
2025-06-15T11:25:28+00:00,137,3.72965,2.55348,2.53485,60666.66406,16266.06543,0.84857,0.00730,0.99270,,,,
2025-06-15T11:26:18+00:00,138,3.71775,2.57692,2.55348,60473.23828,16266.06543,0.85059,0.00910,0.99090,,,,
2025-06-15T11:27:08+00:00,139,3.75119,2.51172,2.57692,61017.16797,16266.06543,0.84495,0.02596,0.97404,,,,
2025-06-15T11:28:00+00:00,140,3.77293,2.47053,2.51172,61370.68750,16266.06543,0.84132,0.01667,0.98333,,,,
2025-06-15T11:28:53+00:00,141,3.74879,2.51633,2.47053,60978.07422,16266.06543,0.84535,0.01820,0.98180,,,,
2025-06-15T11:29:47+00:00,142,3.78752,2.44339,2.51633,61608.06641,16266.06543,0.83890,0.02985,0.97015,,,,
2025-06-15T11:30:40+00:00,143,3.78265,2.45241,2.44339,61528.79297,16266.06543,0.83971,0.00368,0.99632,,,,
2025-06-15T11:31:32+00:00,144,3.78752,2.44339,2.45241,61608.06641,16266.06543,0.83890,0.00369,0.99631,,,,
2025-06-15T11:32:22+00:00,145,3.78265,2.45241,2.44339,61528.79297,16266.06543,0.83971,0.00368,0.99632,,,,
2025-06-15T11:33:12+00:00,146,3.78752,2.44339,2.45241,61608.06641,16266.06543,0.83890,0.00369,0.99631,,,,
2025-06-15T11:34:01+00:00,147,3.78265,2.45241,2.44339,61528.79297,16266.06543,0.83971,0.00368,0.99632,,,,
2025-06-15T11:34:51+00:00,148,3.78996,2.43889,2.45241,61647.76953,16266.06543,0.83850,0.00554,0.99446,,,,
2025-06-15T11:35:41+00:00,149,3.78996,2.43889,2.43889,61647.76953,16266.06543,0.83850,0.00000,1.00000,,,,
2025-06-15T11:36:30+00:00,150,3.79240,2.43439,2.43889,61687.50000,16266.06543,0.83810,0.00185,0.99815,,,,
2025-06-15T11:37:20+00:00,151,3.79240,2.43439,2.43439,61687.50000,16266.06543,0.83810,0.00000,1.00000,,,,
2025-06-15T11:38:09+00:00,152,3.79485,2.42991,2.43439,61727.27344,16266.06543,0.83769,0.00185,0.99815,,,,
2025-06-15T11:39:09+00:00,153,3.79975,2.42095,2.42991,61806.92969,16266.06543,0.83689,0.00370,0.99630,,,,
2025-06-15T11:39:58+00:00,154,3.79485,2.42991,2.42095,61727.27344,16266.06543,0.83769,0.00368,0.99632,,,,
2025-06-15T11:40:48+00:00,155,3.79975,2.42095,2.42991,61806.92969,16266.06543,0.83689,0.00370,0.99630,,,,
2025-06-15T11:41:37+00:00,156,3.80957,2.40313,2.42095,61966.71875,16266.06543,0.83527,0.00742,0.99258,,,,
2025-06-15T11:42:27+00:00,157,3.80957,2.40313,2.40313,61966.71875,16266.06543,0.83527,0.00000,1.00000,,,,
2025-06-15T11:43:22+00:00,158,3.60319,2.81842,2.86028,61767.08203,17142.32227,0.83729,0.01485,0.98515,,,,
2025-06-15T11:44:11+00:00,159,3.59623,2.83405,2.81842,61647.76953,17142.32227,0.83850,0.00552,0.99448,,,,
2025-06-15T11:45:01+00:00,160,3.62419,2.77192,2.83405,62127.11719,17142.32227,0.83366,0.02242,0.97758,,,,
2025-06-15T11:45:50+00:00,161,3.60087,2.82362,2.77192,61727.27344,17142.32227,0.83769,0.01831,0.98169,,,,
2025-06-15T11:46:40+00:00,162,3.59855,2.82883,2.82362,61687.50000,17142.32227,0.83810,0.00184,0.99816,,,,
2025-06-15T11:47:29+00:00,163,3.63830,2.74128,2.82883,62368.87891,17142.32227,0.83125,0.03194,0.96806,,,,
2025-06-15T11:48:19+00:00,164,3.64538,2.72607,2.74128,62490.28906,17142.32227,0.83004,0.00558,0.99442,,,,
2025-06-15T11:49:08+00:00,165,3.62419,2.77192,2.72607,62127.11719,17142.32227,0.83366,0.01654,0.98346,,,,
2025-06-15T11:49:57+00:00,166,3.62185,2.77706,2.77192,62086.95703,17142.32227,0.83407,0.00185,0.99815,,,,
2025-06-15T11:50:47+00:00,167,3.64775,2.72101,2.77706,62530.84375,17142.32227,0.82963,0.02060,0.97940,,,,
2025-06-15T11:51:37+00:00,168,3.65011,2.71596,2.72101,62571.42188,17142.32227,0.82923,0.00186,0.99814,,,,
2025-06-15T11:52:26+00:00,169,3.66437,2.68583,2.71596,62815.78516,17142.32227,0.82681,0.01122,0.98878,,,,
2025-06-15T11:53:16+00:00,170,3.68110,2.65103,2.68583,63102.68750,17142.32227,0.82399,0.01313,0.98687,,,,
2025-06-15T11:54:05+00:00,171,3.65961,2.69584,2.65103,62734.17969,17142.32227,0.82762,0.01662,0.98338,,,,
2025-06-15T11:54:55+00:00,172,3.66199,2.69083,2.69584,62774.96484,17142.32227,0.82722,0.00186,0.99814,,,,
2025-06-15T11:55:45+00:00,173,3.68351,2.64609,2.69083,63143.84375,17142.32227,0.82359,0.01691,0.98309,,,,
2025-06-15T11:56:34+00:00,174,3.68831,2.63623,2.64609,63226.24609,17142.32227,0.82278,0.00374,0.99626,,,,
2025-06-15T11:57:24+00:00,175,3.70521,2.60196,2.63623,63515.96875,17142.32227,0.81996,0.01317,0.98683,,,,
2025-06-15T11:58:13+00:00,176,3.70521,2.60196,2.60196,63515.96875,17142.32227,0.81996,0.00000,1.00000,,,,
2025-06-15T11:59:03+00:00,177,3.70764,2.59709,2.60196,63557.52734,17142.32227,0.81956,0.00187,0.99813,,,,
2025-06-15T11:59:53+00:00,178,3.70279,2.60683,2.59710,63474.46484,17142.32227,0.82037,0.00374,0.99626,,,,
2025-06-15T12:00:42+00:00,179,3.69554,2.62150,2.60683,63350.17578,17142.32227,0.82158,0.00559,0.99441,,,,
2025-06-15T12:01:32+00:00,180,3.68831,2.63623,2.62150,63226.24609,17142.32227,0.82278,0.00559,0.99441,,,,
2025-06-15T12:02:21+00:00,181,3.69313,2.62640,2.63623,63308.82031,17142.32227,0.82198,0.00374,0.99626,,,,
2025-06-15T12:03:11+00:00,182,3.70764,2.59709,2.62640,63557.52734,17142.32227,0.81956,0.01128,0.98872,,,,
2025-06-15T12:04:05+00:00,183,3.69072,2.63131,2.59710,63267.52344,17142.32227,0.82238,0.01300,0.98700,,,,
2025-06-15T12:04:57+00:00,184,3.69313,2.62640,2.63131,63308.82031,17142.32227,0.82198,0.00187,0.99813,,,,
2025-06-15T12:05:50+00:00,185,3.74921,2.51552,2.62640,64270.20312,17142.32227,0.81271,0.04408,0.95592,,,,
2025-06-15T12:06:45+00:00,186,3.71492,2.58254,2.51552,63682.42578,17142.32227,0.81835,0.02595,0.97405,,,,
2025-06-15T12:07:34+00:00,187,3.71979,2.57288,2.58254,63765.89844,17142.32227,0.81755,0.00376,0.99624,,,,
2025-06-15T12:08:26+00:00,188,3.73937,2.53452,2.57288,64101.44141,17142.32227,0.81432,0.01513,0.98487,,,,
2025-06-15T12:09:17+00:00,189,3.75168,2.51079,2.53452,64312.50000,17142.32227,0.81231,0.00945,0.99055,,,,
2025-06-15T12:10:09+00:00,190,3.71006,2.59224,2.51079,63599.11328,17142.32227,0.81916,0.03142,0.96858,,,,
2025-06-15T12:11:02+00:00,191,3.75168,2.51079,2.59224,64312.50000,17142.32227,0.81231,0.03244,0.96756,,,,
2025-06-15T12:11:54+00:00,192,3.74428,2.52501,2.51079,64185.73828,17142.32227,0.81352,0.00563,0.99437,,,,
2025-06-15T12:12:43+00:00,193,3.74675,2.52026,2.52501,64227.94531,17142.32227,0.81311,0.00188,0.99812,,,,
2025-06-15T12:13:36+00:00,194,3.74675,2.52026,2.52026,64227.94531,17142.32227,0.81311,0.00000,1.00000,,,,
2025-06-15T12:14:29+00:00,195,3.75910,2.49664,2.52026,64439.64453,17142.32227,0.81110,0.00946,0.99054,,,,
2025-06-15T12:15:22+00:00,196,3.75168,2.51079,2.49664,64312.50000,17142.32227,0.81231,0.00564,0.99436,,,,
2025-06-15T12:16:14+00:00,197,3.76902,2.47787,2.51079,64609.75781,17142.32227,0.80949,0.01329,0.98671,,,,
2025-06-15T12:18:04+00:00,198,3.75415,2.50607,2.52026,64354.83594,17142.32227,0.81190,0.00566,0.99434,,,,
2025-06-15T12:18:58+00:00,199,3.76405,2.48724,2.50607,64524.62109,17142.32227,0.81029,0.00757,0.99243,,,,
2025-06-15T12:19:51+00:00,200,3.77400,2.46853,2.48724,64695.07031,17142.32227,0.80868,0.00758,0.99242,,,,
2025-06-15T12:20:43+00:00,201,3.75168,2.51079,2.46853,64312.50000,17142.32227,0.81231,0.01683,0.98317,,,,
2025-06-15T12:21:34+00:00,202,3.75168,2.51079,2.51079,64312.50000,17142.32227,0.81231,0.00000,1.00000,,,,
2025-06-15T12:22:26+00:00,203,3.76902,2.47787,2.51079,64609.75781,17142.32227,0.80949,0.01329,0.98671,,,,
2025-06-15T12:23:16+00:00,204,3.76405,2.48724,2.47787,64524.62109,17142.32227,0.81029,0.00377,0.99623,,,,
2025-06-15T12:24:06+00:00,205,3.76654,2.48255,2.48724,64567.16797,17142.32227,0.80989,0.00189,0.99811,,,,
2025-06-15T12:24:55+00:00,206,3.77898,2.45922,2.48255,64780.54688,17142.32227,0.80788,0.00949,0.99051,,,,
2025-06-15T12:25:45+00:00,207,3.76405,2.48724,2.45922,64524.62109,17142.32227,0.81029,0.01126,0.98874,,,,
2025-06-15T12:26:34+00:00,208,3.77649,2.46387,2.48724,64737.78516,17142.32227,0.80828,0.00948,0.99052,,,,
2025-06-15T12:27:24+00:00,209,3.75910,2.49664,2.46387,64439.64453,17142.32227,0.81110,0.01312,0.98688,,,,
2025-06-15T12:28:13+00:00,210,3.77400,2.46853,2.49664,64695.07031,17142.32227,0.80868,0.01139,0.98861,,,,
2025-06-15T12:29:03+00:00,211,3.77400,2.46853,2.46853,64695.07031,17142.32227,0.80868,0.00000,1.00000,,,,
2025-06-15T12:29:53+00:00,212,3.79903,2.42226,2.46853,65124.18359,17142.32227,0.80465,0.01910,0.98090,,,,
2025-06-15T12:30:43+00:00,213,3.75910,2.49664,2.42226,64439.64453,17142.32227,0.81110,0.02979,0.97021,,,,
2025-06-15T12:31:33+00:00,214,3.78398,2.44994,2.49664,64866.20313,17142.32227,0.80707,0.01906,0.98094,,,,
2025-06-15T12:32:22+00:00,215,3.77400,2.46853,2.44994,64695.07031,17142.32227,0.80868,0.00753,0.99247,,,,
2025-06-15T12:33:12+00:00,216,3.81924,2.38576,2.46853,65470.58984,17142.32227,0.80143,0.03469,0.96531,,,,
2025-06-15T12:34:02+00:00,217,3.78148,2.45457,2.38576,64823.36328,17142.32227,0.80747,0.02803,0.97197,,,,
2025-06-15T12:34:51+00:00,218,3.79903,2.42226,2.45457,65124.18359,17142.32227,0.80465,0.01334,0.98666,,,,
2025-06-15T12:35:40+00:00,219,3.79903,2.42226,2.42226,65124.18359,17142.32227,0.80465,0.00000,1.00000,,,,
2025-06-15T12:36:30+00:00,220,3.81417,2.39485,2.42226,65383.71875,17142.32227,0.80223,0.01145,0.98855,,,,
2025-06-15T12:37:22+00:00,221,3.81924,2.38576,2.39485,65470.58984,17142.32227,0.80143,0.00381,0.99619,,,,
2025-06-15T12:38:15+00:00,222,3.79903,2.42226,2.38576,65124.18359,17142.32227,0.80465,0.01507,0.98493,,,,
2025-06-15T12:39:04+00:00,223,3.81670,2.39030,2.42226,65427.13281,17142.32227,0.80183,0.01337,0.98663,,,,
2025-06-15T12:39:54+00:00,224,3.78398,2.44994,2.39030,64866.20313,17142.32227,0.80707,0.02434,0.97566,,,,
2025-06-15T12:40:48+00:00,225,3.81924,2.38576,2.44994,65470.58984,17142.32227,0.80143,0.02690,0.97310,,,,
2025-06-15T12:41:37+00:00,226,3.80155,2.41767,2.38576,65167.34375,17142.32227,0.80425,0.01320,0.98680,,,,
2025-06-15T12:42:27+00:00,227,3.83705,2.35420,2.41768,65775.98437,17142.32227,0.79861,0.02696,0.97304,,,,
2025-06-15T12:43:17+00:00,228,3.84216,2.34524,2.35420,65863.63281,17142.32227,0.79780,0.00382,0.99618,,,,
2025-06-15T12:44:07+00:00,229,3.84729,2.33631,2.34524,65951.46875,17142.32227,0.79700,0.00382,0.99618,,,,
2025-06-15T12:45:00+00:00,230,3.83450,2.35869,2.33632,65732.22656,17142.32227,0.79901,0.00948,0.99052,,,,
2025-06-15T12:45:52+00:00,231,3.83961,2.34972,2.35869,65819.79687,17142.32227,0.79821,0.00382,0.99618,,,,
2025-06-15T12:46:43+00:00,232,3.82177,2.38123,2.34972,65514.07812,17142.32227,0.80103,0.01324,0.98676,,,,
2025-06-15T12:47:36+00:00,233,3.83450,2.35869,2.38123,65732.22656,17142.32227,0.79901,0.00956,0.99044,,,,
2025-06-15T12:48:26+00:00,234,3.83705,2.35420,2.35869,65775.98437,17142.32227,0.79861,0.00191,0.99809,,,,
2025-06-15T12:49:17+00:00,235,3.82940,2.36768,2.35420,65644.83594,17142.32227,0.79982,0.00570,0.99430,,,,
2025-06-15T12:50:07+00:00,236,3.83961,2.34972,2.36768,65819.79687,17142.32227,0.79821,0.00765,0.99235,,,,
2025-06-15T12:50:57+00:00,237,3.83705,2.35420,2.34972,65775.98437,17142.32227,0.79861,0.00190,0.99810,,,,
2025-06-15T12:51:48+00:00,238,3.84216,2.34524,2.35420,65863.63281,17142.32227,0.79780,0.00382,0.99618,,,,
2025-06-15T12:52:43+00:00,239,3.84216,2.34524,2.34524,65863.63281,17142.32227,0.79780,0.00000,1.00000,,,,
2025-06-15T12:53:33+00:00,240,3.86789,2.30088,2.34524,66304.57031,17142.32227,0.79377,0.01928,0.98072,,,,
2025-06-15T12:54:23+00:00,241,3.85499,2.32298,2.30088,66083.53906,17142.32227,0.79579,0.00951,0.99049,,,,
2025-06-15T12:55:13+00:00,242,3.84473,2.34077,2.32298,65907.53125,17142.32227,0.79740,0.00760,0.99240,,,,
2025-06-15T12:56:03+00:00,243,3.83705,2.35420,2.34078,65775.98437,17142.32227,0.79861,0.00570,0.99430,,,,
2025-06-15T12:56:53+00:00,244,3.84985,2.33186,2.35420,65995.44531,17142.32227,0.79659,0.00958,0.99042,,,,
2025-06-15T12:57:43+00:00,245,3.87047,2.29648,2.33186,66348.91406,17142.32227,0.79337,0.01541,0.98459,,,,
2025-06-15T12:58:33+00:00,246,3.88085,2.27896,2.29648,66526.71094,17142.32227,0.79176,0.00769,0.99231,,,,
2025-06-15T12:59:22+00:00,247,3.86789,2.30088,2.27896,66304.57031,17142.32227,0.79377,0.00953,0.99047,,,,
2025-06-15T13:00:12+00:00,248,3.90434,2.23993,2.30088,66929.45312,17142.32227,0.78813,0.02721,0.97279,,,,
2025-06-15T13:01:02+00:00,249,3.86530,2.30529,2.23993,66260.26562,17142.32227,0.79418,0.02835,0.97165,,,,
2025-06-15T13:01:53+00:00,250,3.84473,2.34077,2.30529,65907.53125,17142.32227,0.79740,0.01516,0.98484,,,,
2025-06-15T13:02:43+00:00,251,3.87306,2.29209,2.34078,66393.29687,17142.32227,0.79297,0.02124,0.97876,,,,
2025-06-15T13:03:34+00:00,252,3.86789,2.30088,2.29209,66304.57031,17142.32227,0.79377,0.00382,0.99618,,,,
2025-06-15T13:04:26+00:00,253,3.87047,2.29648,2.30088,66348.91406,17142.32227,0.79337,0.00192,0.99808,,,,
2025-06-15T13:05:16+00:00,254,3.89126,2.26155,2.29648,66705.25000,17142.32227,0.79015,0.01545,0.98455,,,,
2025-06-15T13:06:10+00:00,255,3.88605,2.27024,2.26155,66615.89062,17142.32227,0.79095,0.00383,0.99617,,,,
2025-06-15T13:07:01+00:00,256,3.90434,2.23993,2.27024,66929.45312,17142.32227,0.78813,0.01353,0.98647,,,,
2025-06-15T13:07:51+00:00,257,3.90696,2.23563,2.23993,66974.42187,17142.32227,0.78773,0.00192,0.99808,,,,
2025-06-15T13:08:43+00:00,258,3.88085,2.27896,2.23563,66526.71094,17142.32227,0.79176,0.01901,0.98099,,,,
2025-06-15T13:09:32+00:00,259,3.88345,2.27460,2.27896,66571.29687,17142.32227,0.79136,0.00192,0.99808,,,,
2025-06-15T13:10:25+00:00,260,3.90434,2.23993,2.27460,66929.45312,17142.32227,0.78813,0.01548,0.98452,,,,
2025-06-15T13:11:15+00:00,261,3.90172,2.24424,2.23993,66884.52344,17142.32227,0.78853,0.00192,0.99808,,,,
2025-06-15T13:12:08+00:00,262,3.89126,2.26155,2.24424,66705.25000,17142.32227,0.79015,0.00765,0.99235,,,,
2025-06-15T13:12:58+00:00,263,3.88865,2.26589,2.26155,66660.54687,17142.32227,0.79055,0.00192,0.99808,,,,
2025-06-15T13:13:48+00:00,264,3.89126,2.26155,2.26589,66705.25000,17142.32227,0.79015,0.00192,0.99808,,,,
2025-06-15T13:15:30+00:00,265,3.92012,2.21422,2.23134,67200.00000,17142.32227,0.78571,0.00773,0.99227,,,,
2025-06-15T13:16:20+00:00,266,3.89910,2.24856,2.21422,66839.64062,17142.32227,0.78894,0.01527,0.98473,,,,
2025-06-15T13:17:09+00:00,267,3.88865,2.26589,2.24856,66660.54687,17142.32227,0.79055,0.00765,0.99235,,,,
2025-06-15T13:17:59+00:00,268,3.91485,2.22277,2.26589,67109.62500,17142.32227,0.78652,0.01940,0.98060,,,,
2025-06-15T13:18:49+00:00,269,3.91748,2.21849,2.22277,67154.78906,17142.32227,0.78612,0.00193,0.99807,,,,
2025-06-15T13:19:39+00:00,270,3.90696,2.23563,2.21849,66974.42187,17142.32227,0.78773,0.00767,0.99233,,,,
2025-06-15T13:20:29+00:00,271,3.92012,2.21422,2.23563,67200.00000,17142.32227,0.78571,0.00967,0.99033,,,,
2025-06-15T13:21:18+00:00,272,3.90959,2.23133,2.21422,67019.45312,17142.32227,0.78733,0.00767,0.99233,,,,
2025-06-15T13:22:08+00:00,273,3.92012,2.21422,2.23134,67200.00000,17142.32227,0.78571,0.00773,0.99227,,,,
2025-06-15T13:22:58+00:00,274,3.92012,2.21422,2.21422,67200.00000,17142.32227,0.78571,0.00000,1.00000,,,,
2025-06-15T13:23:52+00:00,275,3.90434,2.23993,2.21422,66929.45312,17142.32227,0.78813,0.01148,0.98852,,,,
2025-06-15T13:24:41+00:00,276,3.92276,2.20996,2.23993,67245.25781,17142.32227,0.78531,0.01356,0.98644,,,,
2025-06-15T13:25:31+00:00,277,3.92012,2.21422,2.20996,67200.00000,17142.32227,0.78571,0.00192,0.99808,,,,
2025-06-15T13:26:27+00:00,278,3.93335,2.19298,2.21422,67426.73437,17142.32227,0.78370,0.00969,0.99031,,,,
2025-06-15T13:27:21+00:00,279,3.92276,2.20996,2.19298,67245.25781,17142.32227,0.78531,0.00768,0.99232,,,,
2025-06-15T13:28:18+00:00,280,3.92805,2.20145,2.20996,67335.89844,17142.32227,0.78451,0.00386,0.99614,,,,
2025-06-15T13:29:08+00:00,281,3.92805,2.20145,2.20145,67335.89844,17142.32227,0.78451,0.00000,1.00000,,,,
2025-06-15T13:30:04+00:00,282,3.91748,2.21849,2.20145,67154.78906,17142.32227,0.78612,0.00768,0.99232,,,,
2025-06-15T13:31:00+00:00,283,3.98965,2.10556,2.21849,68391.89062,17142.32227,0.77524,0.05363,0.94637,,,,
2025-06-15T13:31:53+00:00,284,3.96806,2.13852,2.10556,68021.72656,17142.32227,0.77846,0.01541,0.98459,,,,
2025-06-15T13:32:45+00:00,285,3.94664,2.17190,2.13852,67654.63281,17142.32227,0.78168,0.01537,0.98463,,,,
2025-06-15T13:33:44+00:00,286,3.96537,2.14267,2.17190,67975.68750,17142.32227,0.77886,0.01364,0.98636,,,,
2025-06-15T13:34:33+00:00,287,3.94132,2.18031,2.14267,67563.33594,17142.32227,0.78249,0.01726,0.98274,,,,
2025-06-15T13:35:25+00:00,288,3.93335,2.19298,2.18031,67426.73437,17142.32227,0.78370,0.00578,0.99422,,,,
2025-06-15T13:36:15+00:00,289,3.95198,2.16352,2.19298,67746.14062,17142.32227,0.78088,0.01362,0.98638,,,,
2025-06-15T13:37:05+00:00,290,3.96269,2.14683,2.16352,67929.68750,17142.32227,0.77927,0.00777,0.99223,,,,
2025-06-15T13:37:54+00:00,291,3.97344,2.13024,2.14683,68113.98437,17142.32227,0.77766,0.00778,0.99222,,,,
2025-06-15T13:38:44+00:00,292,3.97344,2.13024,2.13024,68113.98437,17142.32227,0.77766,0.00000,1.00000,,,,
2025-06-15T13:39:44+00:00,293,3.95465,2.15934,2.13024,67791.93750,17142.32227,0.78048,0.01347,0.98653,,,,
2025-06-15T13:41:31+00:00,294,3.96269,2.14683,2.14267,67929.68750,17142.32227,0.77927,0.00194,0.99806,,,,
2025-06-15T13:42:26+00:00,295,3.96806,2.13852,2.14683,68021.72656,17142.32227,0.77846,0.00388,0.99612,,,,
2025-06-15T13:45:15+00:00,296,3.97883,2.12199,2.15516,68206.42969,17142.32227,0.77685,0.01563,0.98437,,,,
2025-06-15T13:47:04+00:00,297,3.98694,2.10966,2.10147,68345.45312,17142.32227,0.77564,0.00388,0.99612,,,,
2025-06-15T13:49:04+00:00,298,3.96537,2.14267,2.10556,67975.68750,17142.32227,0.77886,0.01732,0.98268,,,,
2025-06-15T13:50:55+00:00,299,4.00324,2.08518,2.08924,68624.81250,17142.32227,0.77322,0.00195,0.99805,,,,
2025-06-15T13:51:54+00:00,300,3.98153,2.11788,2.08518,68252.72656,17142.32227,0.77645,0.01544,0.98456,,,,
2025-06-15T13:52:52+00:00,301,3.97613,2.12611,2.11788,68160.18750,17142.32227,0.77725,0.00388,0.99612,,,,
2025-06-15T13:53:48+00:00,302,3.97075,2.13438,2.12612,68067.84375,17142.32227,0.77806,0.00387,0.99613,,,,
2025-06-15T13:56:46+00:00,303,4.00596,2.08112,2.10556,68671.53125,17142.32227,0.77282,0.01175,0.98825,,,,
2025-06-15T13:59:28+00:00,304,4.00052,2.08924,2.12199,68578.12500,17142.32227,0.77363,0.01568,0.98432,,,,
2025-06-15T14:01:23+00:00,305,4.00596,2.08112,2.09739,68671.53125,17142.32227,0.77282,0.00782,0.99218,,,,
2025-06-15T14:02:17+00:00,306,3.98694,2.10966,2.08112,68345.45312,17142.32227,0.77564,0.01353,0.98647,,,,
2025-06-15T14:03:14+00:00,307,3.97613,2.12611,2.10966,68160.18750,17142.32227,0.77725,0.00774,0.99226,,,,
2025-06-15T14:05:05+00:00,308,4.00596,2.08112,2.06898,68671.53125,17142.32227,0.77282,0.00583,0.99417,,,,
2025-06-15T14:06:09+00:00,309,4.00596,2.08112,2.08112,68671.53125,17142.32227,0.77282,0.00000,1.00000,,,,
2025-06-15T14:07:58+00:00,310,4.00596,2.08112,2.08924,68671.53125,17142.32227,0.77282,0.00390,0.99610,,,,
2025-06-15T14:09:47+00:00,311,4.04443,2.02497,2.08112,69330.89062,17142.32227,0.76718,0.02773,0.97227,,,,
2025-06-15T14:10:42+00:00,312,4.01964,2.06092,2.02497,68905.90625,17142.32227,0.77081,0.01744,0.98256,,,,
2025-06-15T14:12:34+00:00,313,4.01964,2.06092,2.07707,68905.90625,17142.32227,0.77081,0.00783,0.99217,,,,
2025-06-15T14:14:28+00:00,314,4.03063,2.04488,2.06495,69094.28906,17142.32227,0.76919,0.00981,0.99019,,,,
2025-06-15T14:15:23+00:00,315,4.00052,2.08924,2.04488,68578.12500,17142.32227,0.77363,0.02123,0.97877,,,,
2025-06-15T14:16:22+00:00,316,4.04166,2.02894,2.08924,69283.46094,17142.32227,0.76758,0.02972,0.97028,,,,
2025-06-15T14:18:16+00:00,317,4.00596,2.08112,2.02894,68671.53125,17142.32227,0.77282,0.02507,0.97493,,,,
2025-06-15T14:20:09+00:00,318,4.01690,2.06495,2.00522,68858.92969,17142.32227,0.77121,0.02892,0.97108,,,,
2025-06-15T14:26:12+00:00,319,4.03338,2.04089,2.01706,69141.50781,17142.32227,0.76879,0.01168,0.98832,,,,
2025-06-15T14:28:01+00:00,320,4.01690,2.06495,2.03292,68858.92969,17142.32227,0.77121,0.01551,0.98449,,,,
2025-06-15T14:31:45+00:00,321,4.06109,2.00129,1.99345,69616.43750,17142.32227,0.76476,0.00392,0.99608,,,,
2025-06-15T14:32:44+00:00,322,4.06109,2.00129,2.00129,69616.43750,17142.32227,0.76476,0.00000,1.00000,,,,
2025-06-15T14:34:41+00:00,323,4.02513,2.05289,1.99345,69000.00000,17142.32227,0.77000,0.02895,0.97105,,,,
2025-06-15T14:35:37+00:00,324,4.03338,2.04089,2.05289,69141.50781,17142.32227,0.76879,0.00588,0.99412,,,,
2025-06-15T14:41:32+00:00,325,4.07785,1.97784,2.02894,69903.80469,17142.32227,0.76234,0.02584,0.97416,,,,
2025-06-15T14:44:20+00:00,326,4.08908,1.96232,1.96619,70096.39844,17142.32227,0.76073,0.00197,0.99803,,,,
2025-06-15T14:45:12+00:00,327,4.05274,2.01310,1.96232,69473.44531,17142.32227,0.76597,0.02522,0.97478,,,,
2025-06-15T14:47:52+00:00,328,4.08627,1.96619,1.97395,70048.17969,17142.32227,0.76114,0.00395,0.99605,,,,
2025-06-15T14:49:50+00:00,329,4.09190,1.95846,1.98954,70144.67187,17142.32227,0.76033,0.01587,0.98413,,,,
2025-06-15T14:50:51+00:00,330,4.08908,1.96232,1.95846,70096.39844,17142.32227,0.76073,0.00197,0.99803,,,,
2025-06-15T14:51:53+00:00,331,4.08627,1.96619,1.96232,70048.17969,17142.32227,0.76114,0.00197,0.99803,,,,
2025-06-15T14:54:43+00:00,332,4.09190,1.95846,1.94691,70144.67187,17142.32227,0.76033,0.00590,0.99410,,,,
2025-06-15T14:55:42+00:00,333,4.07505,1.98173,1.95846,69855.78906,17142.32227,0.76275,0.01174,0.98826,,,,
2025-06-15T14:57:36+00:00,334,4.10037,1.94691,1.94307,70289.82031,17142.32227,0.75912,0.00197,0.99803,,,,
2025-06-15T14:59:28+00:00,335,4.07785,1.97784,1.97007,69903.80469,17142.32227,0.76234,0.00393,0.99607,,,,
2025-06-15T15:00:23+00:00,336,4.07785,1.97784,1.97784,69903.80469,17142.32227,0.76234,0.00000,1.00000,,,,
2025-06-15T15:03:19+00:00,337,4.10037,1.94691,1.92778,70289.82031,17142.32227,0.75912,0.00983,0.99017,,,,
2025-06-15T15:05:14+00:00,338,4.09190,1.95846,1.94691,70144.67187,17142.32227,0.76033,0.00590,0.99410,,,,
2025-06-15T15:07:58+00:00,339,4.11738,1.92397,1.95846,70581.47656,17142.32227,0.75670,0.01793,0.98207,,,,
2025-06-15T15:10:52+00:00,340,4.12023,1.92017,1.93541,70630.25781,17142.32227,0.75630,0.00794,0.99206,,,,
2025-06-15T15:11:53+00:00,341,4.10603,1.93924,1.92017,70386.82031,17142.32227,0.75832,0.00983,0.99017,,,,
2025-06-15T15:12:51+00:00,342,4.10603,1.93924,1.93924,70386.82031,17142.32227,0.75832,0.00000,1.00000,,,,
2025-06-15T15:14:41+00:00,343,4.09754,1.95075,1.93924,70241.37500,17142.32227,0.75952,0.00590,0.99410,,,,
2025-06-15T15:17:30+00:00,344,4.09190,1.95846,1.95846,70144.67187,17142.32227,0.76033,0.00000,1.00000,,,,
2025-06-15T15:18:22+00:00,345,4.11454,1.92778,1.95846,70532.73437,17142.32227,0.75711,0.01592,0.98408,,,,
2025-06-15T15:19:17+00:00,346,4.10320,1.94307,1.92778,70338.29687,17142.32227,0.75872,0.00787,0.99213,,,,
2025-06-15T15:21:09+00:00,347,4.10886,1.93541,1.87130,70435.41406,17142.32227,0.75791,0.03312,0.96688,,,,
2025-06-15T15:22:59+00:00,348,4.12023,1.92017,1.92017,70630.25781,17142.32227,0.75630,0.00000,1.00000,,,,
2025-06-15T15:23:54+00:00,349,4.09754,1.95075,1.92017,70241.37500,17142.32227,0.75952,0.01568,0.98432,,,,
2025-06-15T15:24:50+00:00,350,4.11170,1.93159,1.95075,70484.03906,17142.32227,0.75751,0.00992,0.99008,,,,
2025-06-15T15:25:46+00:00,351,4.11170,1.93159,1.93159,70484.03906,17142.32227,0.75751,0.00000,1.00000,,,,
2025-06-15T15:26:42+00:00,352,4.10886,1.93541,1.93159,70435.41406,17142.32227,0.75791,0.00197,0.99803,,,,
2025-06-15T15:27:39+00:00,353,4.11454,1.92778,1.93541,70532.73437,17142.32227,0.75711,0.00396,0.99604,,,,
2025-06-15T15:29:31+00:00,354,4.15462,1.87503,1.92778,71219.84375,17142.32227,0.75147,0.02813,0.97187,,,,
2025-06-15T15:31:25+00:00,355,4.10603,1.93924,1.86759,70386.82031,17142.32227,0.75832,0.03695,0.96305,,,,
2025-06-15T15:33:28+00:00,356,4.13164,1.90503,1.95075,70825.95312,17142.32227,0.75469,0.02400,0.97600,,,,
2025-06-15T15:34:21+00:00,357,4.13737,1.89749,1.90503,70924.10156,17142.32227,0.75388,0.00397,0.99603,,,,
2025-06-15T15:35:14+00:00,358,4.14886,1.88249,1.89749,71121.05469,17142.32227,0.75227,0.00797,0.99203,,,,
2025-06-15T15:37:04+00:00,359,4.11738,1.92397,1.87876,70581.47656,17142.32227,0.75670,0.02350,0.97650,,,,
2025-06-15T15:38:47+00:00,360,4.12878,1.90880,1.89749,70776.94531,17142.32227,0.75509,0.00593,0.99407,,,,
2025-06-15T15:39:38+00:00,361,4.14598,1.88623,1.90880,71071.74219,17142.32227,0.75267,0.01197,0.98803,,,,
2025-06-15T15:40:28+00:00,362,4.15462,1.87503,1.88623,71219.84375,17142.32227,0.75147,0.00598,0.99402,,,,
2025-06-15T15:41:25+00:00,363,4.15462,1.87503,1.87503,71219.84375,17142.32227,0.75147,0.00000,1.00000,,,,
2025-06-15T15:42:14+00:00,364,4.13164,1.90503,1.87503,70825.95312,17142.32227,0.75469,0.01575,0.98425,,,,
2025-06-15T15:43:06+00:00,365,4.14886,1.88249,1.90503,71121.05469,17142.32227,0.75227,0.01197,0.98803,,,,
2025-06-15T15:44:03+00:00,366,4.16040,1.86759,1.88249,71318.84375,17142.32227,0.75066,0.00798,0.99202,,,,
2025-06-15T15:44:56+00:00,367,4.12878,1.90880,1.86759,70776.94531,17142.32227,0.75509,0.02159,0.97841,,,,
2025-06-15T15:45:48+00:00,368,4.16040,1.86759,1.90880,71318.84375,17142.32227,0.75066,0.02207,0.97793,,,,
2025-06-15T15:46:38+00:00,369,4.15462,1.87503,1.86759,71219.84375,17142.32227,0.75147,0.00397,0.99603,,,,
2025-06-15T15:48:26+00:00,370,4.17489,1.84909,1.86759,71567.27344,17142.32227,0.74864,0.01000,0.99000,,,,
2025-06-15T15:50:09+00:00,371,4.15751,1.87130,1.83807,71269.32031,17142.32227,0.75106,0.01776,0.98224,,,,
2025-06-15T15:50:59+00:00,372,4.18362,1.83807,1.87130,71716.97656,17142.32227,0.74744,0.01808,0.98192,,,,
2025-06-15T15:51:48+00:00,373,4.14311,1.88998,1.83807,71022.46875,17142.32227,0.75308,0.02747,0.97253,,,,
2025-06-15T15:53:35+00:00,374,4.16329,1.86388,1.82345,71368.41406,17142.32227,0.75026,0.02169,0.97831,,,,
2025-06-15T15:54:25+00:00,375,4.15462,1.87503,1.86388,71219.84375,17142.32227,0.75147,0.00595,0.99405,,,,
2025-06-15T15:55:17+00:00,376,4.14598,1.88623,1.87503,71071.74219,17142.32227,0.75267,0.00594,0.99406,,,,
2025-06-15T15:56:10+00:00,377,4.17198,1.85278,1.88623,71517.47656,17142.32227,0.74905,0.01805,0.98195,,,,
2025-06-15T15:57:02+00:00,378,4.16329,1.86388,1.85278,71368.41406,17142.32227,0.75026,0.00595,0.99405,,,,
2025-06-15T15:58:00+00:00,379,4.16618,1.86017,1.86388,71418.06250,17142.32227,0.74985,0.00199,0.99801,,,,
2025-06-15T15:58:53+00:00,380,4.18362,1.83807,1.86017,71716.97656,17142.32227,0.74744,0.01203,0.98797,,,,
2025-06-15T15:59:42+00:00,381,4.19238,1.82710,1.83807,71867.16406,17142.32227,0.74623,0.00600,0.99400,,,,
2025-06-15T16:00:31+00:00,382,4.17198,1.85278,1.82710,71517.47656,17142.32227,0.74905,0.01386,0.98614,,,,
2025-06-15T16:01:25+00:00,383,4.17489,1.84909,1.85278,71567.27344,17142.32227,0.74864,0.00199,0.99801,,,,
2025-06-15T16:02:14+00:00,384,4.17489,1.84909,1.84909,71567.27344,17142.32227,0.74864,0.00000,1.00000,,,,
2025-06-15T16:03:04+00:00,385,4.16329,1.86388,1.84909,71368.41406,17142.32227,0.75026,0.00793,0.99207,,,,
2025-06-15T16:03:54+00:00,386,4.18946,1.83075,1.86388,71817.05469,17142.32227,0.74663,0.01810,0.98190,,,,
2025-06-15T16:04:43+00:00,387,4.16329,1.86388,1.83075,71368.41406,17142.32227,0.75026,0.01777,0.98223,,,,
2025-06-15T16:05:35+00:00,388,4.20117,1.81618,1.86388,72017.85156,17142.32227,0.74502,0.02626,0.97374,,,,
2025-06-15T16:06:25+00:00,389,4.18946,1.83075,1.81618,71817.05469,17142.32227,0.74663,0.00796,0.99204,,,,
2025-06-15T16:07:14+00:00,390,4.16618,1.86017,1.83075,71418.06250,17142.32227,0.74985,0.01582,0.98418,,,,
2025-06-15T16:08:04+00:00,391,4.18071,1.84174,1.86017,71667.02344,17142.32227,0.74784,0.01001,0.98999,,,,
2025-06-15T16:08:53+00:00,392,4.18654,1.83440,1.84174,71766.99219,17142.32227,0.74703,0.00400,0.99600,,,,
2025-06-15T16:09:43+00:00,393,4.20411,1.81255,1.83440,72068.17969,17142.32227,0.74462,0.01206,0.98794,,,,
2025-06-15T16:10:32+00:00,394,4.17780,1.84541,1.81255,71617.11719,17142.32227,0.74824,0.01781,0.98219,,,,
2025-06-15T16:11:22+00:00,395,4.18071,1.84174,1.84541,71667.02344,17142.32227,0.74784,0.00200,0.99800,,,,
2025-06-15T16:13:16+00:00,396,4.19531,1.82345,1.82345,71917.34375,17142.32227,0.74582,0.00000,1.00000,,,,
2025-06-15T16:15:00+00:00,397,4.17780,1.84541,1.79090,71617.11719,17142.32227,0.74824,0.02954,0.97046,,,,
2025-06-15T16:15:55+00:00,398,4.19238,1.82710,1.84541,71867.16406,17142.32227,0.74623,0.01002,0.98998,,,,
2025-06-15T16:16:44+00:00,399,4.19238,1.82710,1.82710,71867.16406,17142.32227,0.74623,0.00000,1.00000,,,,
2025-06-15T16:17:35+00:00,400,4.19238,1.82710,1.82710,71867.16406,17142.32227,0.74623,0.00000,1.00000,,,,
2025-06-15T16:18:25+00:00,401,4.16618,1.86017,1.82710,71418.06250,17142.32227,0.74985,0.01778,0.98222,,,,
2025-06-15T16:19:14+00:00,402,4.18654,1.83440,1.86017,71766.99219,17142.32227,0.74703,0.01405,0.98595,,,,
2025-06-15T16:20:07+00:00,403,4.19531,1.82345,1.83440,71917.34375,17142.32227,0.74582,0.00601,0.99399,,,,
2025-06-15T16:20:58+00:00,404,4.16908,1.85647,1.82345,71467.73437,17142.32227,0.74945,0.01779,0.98221,,,,
2025-06-15T16:21:48+00:00,405,4.20999,1.80531,1.85647,72169.01562,17142.32227,0.74381,0.02834,0.97166,,,,
2025-06-15T16:22:38+00:00,406,4.18362,1.83807,1.80531,71716.97656,17142.32227,0.74744,0.01782,0.98218,,,,
2025-06-15T16:23:27+00:00,407,4.19531,1.82345,1.83807,71917.34375,17142.32227,0.74582,0.00802,0.99198,,,,
2025-06-15T16:24:17+00:00,408,4.16908,1.85647,1.82345,71467.73437,17142.32227,0.74945,0.01779,0.98221,,,,
2025-06-15T16:25:06+00:00,409,4.18946,1.83075,1.85647,71817.05469,17142.32227,0.74663,0.01405,0.98595,,,,
2025-06-15T16:25:55+00:00,410,4.18946,1.83075,1.83075,71817.05469,17142.32227,0.74663,0.00000,1.00000,,,,
2025-06-15T16:26:45+00:00,411,4.20117,1.81618,1.83075,72017.85156,17142.32227,0.74502,0.00802,0.99198,,,,
2025-06-15T16:27:35+00:00,412,4.19238,1.82710,1.81618,71867.16406,17142.32227,0.74623,0.00598,0.99402,,,,
2025-06-15T16:28:24+00:00,413,4.18654,1.83440,1.82710,71766.99219,17142.32227,0.74703,0.00398,0.99602,,,,
2025-06-15T16:29:14+00:00,414,4.21884,1.79450,1.83440,72320.67187,17142.32227,0.74260,0.02224,0.97776,,,,
2025-06-15T16:30:03+00:00,415,4.23662,1.77303,1.79450,72625.47656,17142.32227,0.74018,0.01211,0.98789,,,,
2025-06-15T16:30:53+00:00,416,4.19531,1.82345,1.77303,71917.34375,17142.32227,0.74582,0.02765,0.97235,,,,
2025-06-15T16:31:42+00:00,417,4.20705,1.80893,1.82345,72118.57031,17142.32227,0.74421,0.00803,0.99197,,,,
2025-06-15T16:32:32+00:00,418,4.20411,1.81255,1.80893,72068.17969,17142.32227,0.74462,0.00200,0.99800,,,,
2025-06-15T16:33:21+00:00,419,4.18946,1.83075,1.81255,71817.05469,17142.32227,0.74663,0.00994,0.99006,,,,
2025-06-15T16:34:11+00:00,420,4.19824,1.81981,1.83075,71967.57812,17142.32227,0.74542,0.00601,0.99399,,,,
2025-06-15T16:35:00+00:00,421,4.20999,1.80531,1.81981,72169.01562,17142.32227,0.74381,0.00803,0.99197,,,,
2025-06-15T16:35:50+00:00,422,4.22179,1.79090,1.80531,72371.32812,17142.32227,0.74220,0.00804,0.99196,,,,
2025-06-15T16:36:40+00:00,423,4.20999,1.80531,1.79090,72169.01562,17142.32227,0.74381,0.00798,0.99202,,,,
2025-06-15T16:37:29+00:00,424,4.22771,1.78374,1.80531,72472.82031,17142.32227,0.74139,0.01210,0.98790,,,,
2025-06-15T16:38:19+00:00,425,4.22179,1.79090,1.78374,72371.32812,17142.32227,0.74220,0.00400,0.99600,,,,
2025-06-15T16:39:08+00:00,426,4.18946,1.83075,1.79090,71817.05469,17142.32227,0.74663,0.02176,0.97824,,,,
2025-06-15T16:39:58+00:00,427,4.19824,1.81981,1.83075,71967.57812,17142.32227,0.74542,0.00601,0.99399,,,,
2025-06-15T16:40:47+00:00,428,4.21294,1.80170,1.81981,72219.51562,17142.32227,0.74341,0.01005,0.98995,,,,
2025-06-15T16:41:37+00:00,429,4.20999,1.80531,1.80170,72169.01562,17142.32227,0.74381,0.00200,0.99800,,,,
2025-06-15T16:42:26+00:00,430,4.21884,1.79450,1.80531,72320.67187,17142.32227,0.74260,0.00603,0.99397,,,,
2025-06-15T16:43:19+00:00,431,4.22475,1.78732,1.79450,72422.05469,17142.32227,0.74179,0.00402,0.99598,,,,
2025-06-15T16:44:08+00:00,432,3.61257,2.79753,2.82566,72270.07031,20005.16797,0.74300,0.01006,0.98994,,,,
2025-06-15T16:44:58+00:00,433,3.60752,2.80875,2.79753,72169.01562,20005.16797,0.74381,0.00400,0.99600,,,,
2025-06-15T16:45:47+00:00,434,3.64824,2.71996,2.80875,72983.60937,20005.16797,0.73736,0.03265,0.96735,,,,
2025-06-15T16:46:37+00:00,435,3.66369,2.68725,2.71996,73292.77344,20005.16797,0.73494,0.01217,0.98783,,,,
2025-06-15T16:47:26+00:00,436,3.67146,2.67102,2.68725,73448.10937,20005.16797,0.73374,0.00608,0.99392,,,,
2025-06-15T16:48:15+00:00,437,3.67665,2.66024,2.67102,73551.96094,20005.16797,0.73293,0.00405,0.99595,,,,
2025-06-15T16:49:05+00:00,438,3.68706,2.63879,2.66024,73760.32812,20005.16797,0.73132,0.00813,0.99187,,,,
2025-06-15T16:49:54+00:00,439,3.69753,2.61747,2.63879,73969.62500,20005.16797,0.72971,0.00814,0.99186,,,,
2025-06-15T16:50:44+00:00,440,3.75322,2.50784,2.61747,75083.80469,20005.16797,0.72125,0.04372,0.95628,,,,
2025-06-15T16:51:33+00:00,441,3.70803,2.59630,2.50784,74179.85156,20005.16797,0.72810,0.03407,0.96593,,,,
2025-06-15T16:52:22+00:00,442,3.72389,2.56480,2.59630,74496.94531,20005.16797,0.72568,0.01228,0.98772,,,,
2025-06-15T16:54:03+00:00,443,3.55448,2.93038,2.78508,73656.02344,20722.04102,0.73212,0.04958,0.95042,,,,
2025-06-17T07:03:04+00:00,444,2.28729,10.34825,3.08899,32915.35937,14390.54687,1.28535,0.70150,0.29850,,,,
2025-06-17T07:03:54+00:00,445,2.11689,12.91506,10.34825,30463.19336,14390.54687,1.34659,0.19875,0.80125,,,,
2025-06-17T07:04:43+00:00,446,2.13734,12.56457,12.91506,30757.45313,14390.54687,1.33894,0.02790,0.97211,,,,
2025-06-17T07:05:32+00:00,447,2.16900,12.04672,12.56458,31213.11523,14390.54687,1.32725,0.04299,0.95701,,,,
2025-06-17T07:06:22+00:00,448,2.22833,11.15127,12.04672,32066.95898,14390.54687,1.30590,0.08030,0.91970,,,,
2025-06-17T07:08:49+00:00,449,3.64342,402.73026,402.82861,33617.33594,9226.85840,1.26883,0.00024,0.99976,,,,
2025-06-17T07:09:38+00:00,450,3.70803,402.59631,402.73026,34213.47656,9226.85840,1.25513,0.00033,0.99967,,,,
2025-06-17T07:10:35+00:00,451,3.63217,402.75455,402.81689,35297.87109,9718.11914,1.23095,0.00015,0.99985,,,,
2025-06-17T07:11:24+00:00,452,3.68383,402.64542,402.75455,35799.86719,9718.11914,1.22007,0.00027,0.99973,,,,
2025-06-17T07:12:14+00:00,453,3.75811,402.49850,402.64542,36521.73828,9718.11914,1.20476,0.00036,0.99963,,,,
2025-06-17T07:13:03+00:00,454,3.82822,402.36978,402.49850,37203.04688,9718.11914,1.19066,0.00032,0.99968,,,,
2025-06-17T07:13:53+00:00,455,3.98205,402.11710,402.36978,38698.01953,9718.11914,1.16084,0.00063,0.99937,,,,
2025-06-17T07:14:43+00:00,456,3.91457,402.22324,402.11710,38042.23047,9718.11914,1.17374,0.00026,0.99974,,,,
2025-06-17T07:15:32+00:00,457,4.04669,402.02173,402.22324,39326.19922,9718.11914,1.14875,0.00050,0.99950,,,,
2025-06-17T07:16:21+00:00,458,3.98632,402.11063,402.02173,38739.48828,9718.11914,1.16004,0.00022,0.99978,,,,
2025-06-17T07:17:11+00:00,459,4.05541,402.00931,402.11063,39410.96484,9718.11914,1.14714,0.00025,0.99975,,,,
2025-06-17T07:18:00+00:00,460,4.08834,401.96335,402.00931,39730.93359,9718.11914,1.14110,0.00011,0.99989,,,,
2025-06-17T07:18:50+00:00,461,4.24440,401.76373,401.96335,41247.55859,9718.11914,1.11330,0.00050,0.99950,,,,
2025-06-17T07:19:39+00:00,462,4.50244,401.48962,401.76373,43755.27344,9718.11914,1.07018,0.00068,0.99932,,,,
